Neighborhood,resolution_days
Park Ave.,292.2857142857143
Downtown,288.2983783783784
Lakefront,239.49659863945578
Southwest,239.30354575946333
Near Eastside,233.7846913580247
Winkworth,233.695
Lincoln Hill,227.25647184414197
Near Westside,225.34854816243438
Salt Springs,225.18773297187394
Brighton,222.95634633288506
